cluster_id,event_label,start_date,end_date,total_articles,sample_articles
45,asylum | court | mexico,2018-05-01,2022-04-26,9,few migrants from caravan allowed to enter u s   apply for asylum || donald trump responds to supreme court s travel ban ruling || contradicting trump  incoming mexico government denies making deal to host asylum seekers
69,colbert | donald | host,2018-05-01,2022-04-27,55,colbert names trump s 2 emotions in raunchy new takedown || what robert mueller reportedly wants to ask donald trump || colbert has a few blistering extra questions mueller can ask trump
37,aluminum | american | billion,2018-05-01,2019-12-28,9,trump postpones steel  aluminum tariffs until june || u s  launches auto import probe  china vows to defend its interests || eu  mexico and canada retaliate against trump s steel and aluminum tariffs
57,black | comments | history,2018-05-01,2021-05-15,8,kanye west explains the  most inspiring thing  about donald trump in new video || history professor breaks down what kanye west got wrong in saying slavery was a choice || don lemon unloads on kanye west over  his most shocking claim of all
8,assault | claims | cosby,2018-05-01,2022-06-08,19,ashley judd sues film producer harvey weinstein for defamation and sexual harassment || janice dickinson says she won t feel  vindicated  until cosby is jailed || cate blanchett says harvey weinstein sexually harassed her and should be prosecuted
42,birthday | duchess | duke,2018-05-02,2022-07-21,39,7 places prince harry and meghan markle might honeymoon || priyanka chopra hints meghan markle cried when she found her wedding dress || ellen degeneres hilariously explains how she saved meghan markle s life
35,best | movies | netflix,2018-05-02,2022-07-11,59,the 7 best netflix shows and movies debuting may 2018 || here are the surprise shows coming to netflix in may || 5 ways netflix tricks you into watching more shows and movies
58,actor | artist | artwork,2018-05-03,2021-10-14,10,these kids  portraits of the trump administration should hang in a gallery || jim carrey jabs  stooge  donald trump over north korea in new artwork || jim carrey blasts  castrato  adam schiff and democrats in new artwork
65,abortion | abortions | ban,2018-05-03,2022-08-25,51,iowa lawmakers just approved the most restrictive abortion bill in the country || iowa governor signs nation s strictest abortion ban into law || new trump rule would cut federal funds from clinics providing abortions
49,agreement | deal | iran,2018-05-03,2020-01-07,25,un chief warns trump not to ditch iran nuclear deal || world leaders condemn trump for withdrawing from iran nuclear deal || trump to announce whether u s  will break the iran nuclear deal
70,cohen | daniels | giuliani,2018-05-03,2020-09-13,19,jeffrey toobin  rudy giuliani just confessed that stormy daniels payment broke the law || trump backs rudy giuliani s claim that no campaign money went to stormy daniels || george conway appears to shut down rudy giuliani s claim about stormy daniels payment
39,gun | gunman | killed,2018-05-04,2022-09-06,50,trump regurgitates pro gun talking points at nra convention || shepard smith dings trump s gun control turnaround at nra convention || parkland survivor rips  professional liar  donald trump over nra speech
0,amazon | new | rei,2018-05-04,2022-08-25,9,unions face the fight of their lives to protect american workers || starbucks says anyone can now sit in its cafes    even without buying anything || starbucks announces plans to close 150 underperforming stores
52,chris | host | jada,2018-05-04,2022-06-14,11,jada pinkett smith and gabrielle union end feud after 17 years || jada pinkett smith gets real about dating will smith while he was married || jada pinkett smith says she s  not mature enough  to get a divorce
60,anderson | claim | cnn,2018-05-04,2021-01-14,9,anderson cooper briefly speechless when gop strategist swears he s never heard trump lie || cnn s anderson cooper makes striking point about donald trump s  good general  claim || cnn s anderson cooper delivers scorching fact check of donald trump s shutdown boast
41,barack | day | lady,2018-05-06,2020-09-04,10,michelle obama explains why people shouldn t look to her to run for office || michelle obama shares adorable throwback pic in touching mother s day tribute || michelle obama shares intimate wedding photo in tribute to husband barack
59,jong | kim | korea,2018-05-06,2022-02-27,55,north korea says u s  pressure was not the reason for its denuclearization promise || kim jong un secretly met with xi jinping again || trump and kim jong un likely to meet next month in singapore
36,cia | confirmation | democrats,2018-05-06,2018-05-17,14,gina haspel tried to withdraw from consideration to lead the cia  report || trump defends gina haspel  his nominee for cia director  and her record of torture || 2 senators to watch in the fight over gina haspel s nomination to lead the cia
47,conway | donald | george,2018-05-07,2022-05-24,11,jake tapper grills kellyanne conway  i d like trump to stop lying || jake tapper shreds donald trump with a long list of his conspiracy theories || kellyanne conway s husband rips trump s  ceaseless  shameless  witless  lies
6,calrissian | donald | glover,2018-05-08,2021-08-07,9,whoops  mark hamill just spilled the beans on a major cameo in han solo movie || donald glover did what any fan would do after being cast in  solo || a lando calrissian  star wars  spinoff starring donald glover isn t happening
26,abuse | allegations | chicago,2018-05-08,2022-09-09,10,r  kelly accusers say they had to ask permission to use the bathroom || illinois prosecutor asks possible victims of r  kelly s abuse to come forward || r  kelly under investigation over claims made in lifetime series  reports
40,biden | democrats | joe,2018-05-09,2022-03-03,8,conservative senate democrat who backs trump s agenda defeats progressive challenger || joe manchin demands changes to joe biden s infrastructure plan || joe manchin says voting rights bill can be bipartisan  republicans aren t interested
31,airstrikes | forces | gaza,2018-05-10,2022-04-15,21,israel reportedly fires dozens of rockets into syria || israel launches airstrikes in syria after iranian attacks || israeli forces kill dozens of palestinians as protests intensify over u s  embassy in jerusalem
13,cheating | face | kardashian,2018-05-10,2021-06-15,8,kim kardashian says tristan thompson blocked her after she defended khloe || khloe kardashian finally shares her side of tristan thompson cheating scandal || kim kardashian confronting tristan thompson over cheating scandal is petty goals
56,aide | dying | host,2018-05-11,2021-08-03,14,john mccain s wife rebukes white house official who mocked him as  dying anyway || tweeters erupt over trump aide s cruel taunt about john mccain  dying anyway || meghan mccain takes a swipe at white house after aide mocks her father s cancer
33,attacks | bombings | church,2018-05-13,2019-05-12,9,at least 11 killed  dozens injured in indonesia church bombings || easter weekend bombings in sri lanka kill 290 at churches  hotels || sri lanka blocks social media after bombings  citing misinformation
2,bryant | crash | fog,2018-05-14,2022-08-19,19,channing tatum s mother s day message to ex jenna dewan is full of love || lebron james shames heckler at lakers bulls game || lebron james reflected on kobe bryant s legacy the night before his death
27,big | climate | elizabeth,2018-05-15,2021-05-08,8,elizabeth warren pledges big money to  turn up the heat on gerrymandering || elizabeth warren bill would mandate companies disclose climate risks || elizabeth warren  time for a  full blown conversation about reparations  to blacks
16,baby | chrissy | john,2018-05-17,2022-05-16,19,chrissy teigen and john legend welcome baby boy || chrissy teigen spills first details about new baby boy   we are in love || chrissy teigen  john legend announce name of baby boy with adorable photo
66,campaign | doj | fbi,2018-05-18,2021-11-08,21,report  manafort s former son in law cuts plea deal  to cooperate with government || trump sets up showdown with doj over claims of campaign surveillance || roger stone says he s  prepared  for  conjured up  mueller indictment
55,andrew | claims | cuomo,2018-05-21,2022-03-07,9,hillary clinton to endorse andrew cuomo s re election || former cuomo aide accuses n y  governor of sexual harassment || 2nd former aide accuses cuomo of sexual harassment
4,coup | leader | maduro,2018-05-21,2021-11-21,10,venezuela s socialist leader nicolas maduro re elected amid allegations of irregularities || venezuelan president blames alleged assassination attempt on colombian president || venezuela arrests 6 over drone explosions in  assassination attempt  on president
17,health | kids | know,2018-05-22,2022-03-03,9,boy says teacher told him it will be his fault when police shoot him at age 16 || kid rock rants onstage about oprah winfrey  says he s fine being called racist || roseanne barr  booted off tv for racist tweet  tapped for trumpettes  gala at mar a lago
61,biden | children | crackdown,2018-05-26,2021-03-13,9,trump s crackdown on immigrant parents puts more kids in an already strained system || immigrant children are being detained for months  their families decided to sue || migrant children report verbal abuse  threats while in border patrol custody
34,bahamas | coast | dangerous,2018-05-27,2022-09-02,17,subtropical storm alberto barrels up gulf coast prompting states of emergency || florence expected to become hurricane before u s  landfall || tropical storm florence barrels toward east coast
30,afghanistan | attack | claimed,2018-05-30,2021-10-09,19,artillery strike kills more than 50 taliban leaders in afghanistan  u s  military says || islamic state fighters in afghanistan kill at least 15 taliban || suicide bomber kills at least 29 as pakistanis vote in cliffhanger election
51,death | earthquake | indonesia,2018-06-18,2022-03-17,11,strong japan earthquake kills 3 and injures 150 || deadly earthquake rocks indonesia s lombok island || magnitude 7 0 earthquake rocks indonesia s lombok island
15,boys | cave | coach,2018-06-25,2019-06-24,11,teen soccer team trapped in flooded cave in thailand || u s  forces join search for teen soccer team trapped in flooded cave in thailand || rescuers race against the clock to find missing teen soccer team in thailand cave
19,beauty | black | care,2018-06-27,2021-12-13,31,what to buy from wayfair s massive 4th of july sale || 8 of the best beauty buys from ulta s massive fall sale || here s how amazon prime members spent their time and money in 2018
14,djokovic | french | grand,2018-07-15,2022-07-10,19,novak djokovic wins fourth wimbledon title || serena williams and daughter olympia are tennis twins as they hit court together || serena williams  reaction to seeing daughter at u s  open is so pure
28,aung | coup | kyi,2018-08-05,2021-12-06,13,student protests surge in bangladesh capital over deadly traffic conditions || reuters journalists in myanmar sentenced to 7 years in prison for breaching state secrets act || un investigator warns of possible war crimes in conflict torn myanmar
21,buffalo | far | germany,2018-08-06,2021-10-07,11,portland probing police action against anti fascist protesters at far right rally || protesters clash in germany after reports of far right  foreigner hunting || lone protester left bleeding after buffalo cops push him to the ground
1,cathedral | dame | flames,2018-09-04,2021-09-19,11,haunting aerial photos show devastation caused by brazil national museum fire || notre dame fire ravages iconic paris cathedral || dramatic photos show notre dame cathedral in paris engulfed in flames
71,coronavirus | fox | host,2018-10-12,2022-04-20,19,late night tv hosts have a field day with the donald trump kanye west summit || the daily show  supercut highlights  this week in fox news racism || jimmy kimmel gives savage new nickname to trump in coronavirus era
64,beto | campaign | care,2018-10-19,2022-05-16,13,beto o rourke on running for president in 2020   it s a definitive no || beto o rourke won t rule out 2020 presidential run || beto o rourke is  supportive of the concept  of a green new deal
23,aug | funniest | july,2018-11-09,2022-09-23,23,the funniest tweets from parents this week  nov  3 9 || the funniest tweets from parents this week  oct  12 18 || the funniest tweets from parents this week  april 11 17
46,abortion | huffpost | india,2018-11-10,2019-12-14,12,huffpost her stories  the incredible story of india s national women s hockey team || huffpost her stories  immigrant moms and their daughters get candid || huffpost her stories  a  spectacular start to the year  for gender equality in india
5,crisis | lawsuit | maker,2018-11-18,2022-04-11,10,florida sues walgreens  cvs  alleging they added to state s opioid crisis || physician ally of purdue pharma agrees to testify against oxycontin maker || 60 people charged in illegal prescription opioid crackdown
7,actors | aniston | cast,2018-12-06,2021-06-03,8,ellen degeneres vows to celebrate jennifer aniston s 50th birthday in special way || courteney cox  jennifer aniston and matt leblanc reunite for  rare   friends  selfie || courteney cox dances on tiktok and matthew perry couldn t be more confused
50,alabama | dead | homes,2018-12-30,2022-07-07,16,this year s natural disasters show climate change s dire consequences are already here || aftermath  alabama s tornado dead range in age from 6 to 89 || 2 children dead  several people hurt in strong texas storms
25,embarrassing | funniest | oct,2019-01-25,2022-06-03,14,the 20 funniest tweets from women this week  jan  19 25 || the 20 funniest tweets from women this week  sep  28 oct  4 || the 20 funniest tweets from women this week  march 21 28
12,bay | bowl | brady,2019-02-04,2022-05-25,12,patriots  tom brady grind out rams to claim sixth title in lackluster super bowl || tom brady attempts a block in patriots  rout of jets  fans gasp || here are the best reactions to tom brady leaving the patriots
10,anita | california | death,2019-03-07,2020-01-02,12,california racetrack suspends races indefinitely after 21 horses  deaths || california racetrack bans drugs after horse death toll rises to 22 || horse death toll at santa anita race track rises to 26 in 5 months
43,california | campaign | democratic,2019-04-02,2020-11-29,9,kamala harris says her presidential campaign has raised  12 million || why kamala harris is a historic vice presidential pick || nicolle wallace reveals what trump fears most about kamala harris
29,benjamin | biden | cease,2019-04-10,2021-06-13,10,benjamin netanyahu sinks to new lows in israel s election campaign || israel calls new elections as netanyahu fails to meet coalition deadline || netanyahu hours away from deadline for forming coalition government
62,cases | congo | ebola,2019-04-15,2021-02-17,8,measles cases hit second highest level in u s  in 25 years || measles cases are rising across the u s  here s what you should know || measles cases soar to 839 amid worst outbreak in 25 years
63,biden | forces | invasion,2019-04-23,2022-09-10,27,six people dead after small plane crash in texas || ukrainian airplane crashes near tehran  killing all 176 on board || iran acknowledges 2 russian made missiles targeted ukraine jet
44,extradition | hong | kong,2019-06-09,2020-06-14,33,thousands of protesters take to hong kong streets against extradition law || hong kong to push ahead with extradition bill that sparked huge protest || police turn violent in massive protests in hong kong over controversial extradition bill
22,allegedly | charges | deal,2019-06-25,2021-12-11,11,jeffrey epstein s unusually light plea deal must stand  justice department says || jeffrey epstein arrested for allegedly sex trafficking minors  reports || palm beach sheriff announces investigation into epstein s work release
3,boris | brexit | british,2019-07-23,2022-04-19,12,boris johnson to become u k  prime minister after winning party leadership race || boris johnson officially appointed uk prime minister after meeting queen || legal bid to block boris johnson s parliament suspension fails
54,amazon | bolsonaro | brazil,2019-08-23,2021-04-21,11,brazil s bolsonaro defiant as global worry over amazon fires escalates || bolsonaro sends army to fight amazon fires amid mounting international pressure || brazil to reject  20 million wildfire aid from g 7 unless france apologizes
67,business | dobbs | election,2019-10-08,2021-01-15,8,fox s lou dobbs flips out on donald trump s gop critics   damn fools || lou dobbs reaches  north korea levels  of trump adoration with bizarre poll || fox s lou dobbs lavishes praise on donald trump as u s  coronavirus deaths top 100 000
32,duke | edinburgh | edward,2019-12-24,2021-04-17,9,prince philip leaves hospital on christmas eve || prince philip admitted to the hospital as a  precautionary measure || prince william gives update on hospitalized grandfather prince philip
76,cases | cdc | china,2020-01-19,2022-04-15,32,china reports 17 new cases of deadly sars like virus ahead of lunar new year holiday || cdc confirms first case of deadly virus in u s  as china says number of infections now 440 || china halts transportation out of wuhan to stop spread of coronavirus
38,awards | best | biggest,2020-01-26,2022-08-28,13,ariana grande reveals outfit change with second grey gloved grammys look || the 2020 emmy nominations are filled with snubs and surprises || emmy awards 2020  see what the best dressed celebrities wore at home
11,beijing | biles | gold,2020-03-15,2022-04-27,17,simone biles slaps down birthday wishes from usa gymnastics  demands abuse investigation || simone biles casually nails another astonishing move in training || jamaica s shelly ann fraser pryce earns fastest woman alive title
74,coronavirus | covid | donald,2020-03-19,2020-11-20,9,trump boasts of unproven coronavirus treatments amid dire testing and supply crisis || trump repeats latest bonkers fox news coronavirus claims in midnight rant || donald trump  melania trump test positive for the coronavirus
72,coronavirus | covid | face,2020-03-24,2022-05-11,22,how to make coronavirus face masks  and how effective they are || how to wear face masks without fogging up your glasses || how to make a coronavirus face mask out of a t shirt
73,advice | anxiety | control,2020-04-10,2022-05-30,9,how to take care of your mental health during the coronavirus pandemic || 9 issues people are bringing up most in therapy during coronavirus || why uncertainty feels so terrifying  and how to cope with it
18,chauvin | death | derek,2020-06-15,2022-07-27,12,chilling new footage shows police officer ignoring pleas to help george floyd || protesters gather in minnesota ahead of trial of ex officer charged in george floyd s death || jury selection on pause for trial of ex cop charged in george floyd s death
20,chefs | cooking | easy,2020-07-16,2021-12-29,8,6 easy ways to organize your kitchen that ll make cooking less stressful || 26 kitchen products from amazon that have thousands of 5 star reviews || want to make cooking a bit easier  try adding one of these 18 things to your kitchen
9,britney | conservatorship | court,2020-07-22,2021-12-15,13,jamie lynn spears defends  strong  big sister britney amid mental health concerns || britney spears  dad calls  freebritney movement  a joke   defends conservatorship || britney spears tells court she no longer wants dad as conservator
48,biden | donald | know,2020-08-23,2022-04-26,8,trump  has no principles  and  you can t trust him   his sister reportedly said on tape || mary trump explains why she s  heartbroken  by her uncle s rnc speech || mary trump  my uncle  enjoyed every second  of capitol riot
75,biden | children | coronavirus,2020-11-17,2022-06-18,21,america s doctors say covid 19 vaccine trials must start including kids now || biden administration says it will buy 200 million more covid 19 shots || oxford astrazeneca covid 19 vaccine to be tested on children for first time
24,cat | cats | dec,2020-11-20,2022-09-23,15,23 of the funniest tweets about cats and dogs this week  nov  13 20 || 28 of the funniest tweets about cats and dogs this week  nov  21 27 || 34 of the funniest tweets about cats and dogs this week  dec  19 25
68,boebert | colorado | georgia,2021-04-01,2022-01-04,9,marjorie taylor greene slammed for claim that working out is her  covid protection || gop rep  lauren boebert tweeted about april fools  day but the joke was on her || republicans reveal exactly what marjorie taylor greene stands for  using her own words
53,city | mariupol | people,2022-03-05,2022-05-08,11,mariupol diaries  scenes of despair and resolve in the besieged ukrainian city || no city anymore   mariupol survivors flee on train to safety || ukraine rejects russian demand for surrender in mariupol
