cluster_id,event_label,summary
0,amazon | new | rei, 7 starbucks stores have voted to unionize in a matter of months . 3 more starbucks workers in seattle vote to form union . 2 more in new york city are the only corporate starbucks store with a union .
1,cathedral | dame | flames, The centuries old structure is finally stable and secure enough for artisans to start rebuilding it . Investigators said the fire that gutted the paris cathedral may have been started by a malfunctioning electrical system or smoldering cigarette .
2,bryant | crash | fog, kobe bryant crash photos lawsuit to be heard by la jury . widow testified that she  lives in fear every day  that the photos of her husband s death will pop up on social media .
3,boris | brexit | british, boris johnson offers wholehearted apology for attending illegal party during lockdown . johnson  spent three nights in intensive care after contracting coronavirus . The british PM  plans to head back to work on monday .
4,coup | leader | maduro, sudan military leaders reinstate prime minister who was deposed in coup . Pro democracy group that has mobilized dozens of protests against the coup dismissed the military s deal with abdalla hamdok as  a form of betrayal .
5,crisis | lawsuit | maker, Federal jury holds pharmacies responsible for role in opioid crisis . Federal jury says cvs  walgreens and walmart pharmacies didn't do enough to stop the flow of opioid pills into two ohio counties . There are more than 2 000 lawsuits alleging the company helped fuel the deadly u s 
6,calrissian | donald | glover, Mark hamill mockingly reveals how to tell if trump merchandise is  offical  or not . last year s  the rise of skywalker was his final appearance in the saga . billy dee williams reportedly will reprise iconic role .
7,actors | aniston | cast, Jennifer aniston and lisa kudrow share behind the scenes photos from  friends  reunion .
8,assault | claims | cosby, The 84 year old actor and comedian has been free since june  when a pennsylvania appeals court overturned his conviction and released him from prison after nearly three years . The crown prosecution service did not reveal the name of the woman accusing weinstein of assault .
9,britney | conservatorship | court, britney spears says she hopes her story will effect change in a corrupt system . Pop star says she was forced to speak to longtime abc journalist against her will at the time .
10,anita | california | death, Golden birthday was the 39th horse to die at the embattled california park in a little more than a year . Another horse dies at santa anita park ahead of its opening weekend . The track is scheduled to host prestigious breeders  cup world championships .
11,beijing | biles | gold, mikaela shiffrin will leave the beijing winter olympics without a medal . skier will enter six alpine events at the 2022 winter games . erin jackson becomes first black woman to win a speedskating medal at the games .
12,bay | bowl | brady, tom brady will join fox sports as football analyst when he retires . the tampa bay buccaneers quarterback got his first unsportsmanlike penalty and a bloody lip after bragging that refs let him  talk smack . the patriots coach lost to his old quarterback and tried to
13,cheating | face | kardashian,kuwtk  producer reveals kendall jenner s relationship disclosure  rule . The model had her own guideline to determine whether she d let romantic partners appear on the series alongside her family .
14,djokovic | french | grand, Rafael nadal secured his 22nd grand slam title on sunday at roland garros . no man has won more grand slam titles than nadal . rafael nadal now has one more major title than roger federer and novak djokovic .
15,boys | cave | coach, Nine of the 12 boys and their coach appeared sunday to mark one year since the wild boars soccer club got trapped inside the tham luang cave . The boys are looking forward to eating some of their favorite thai dishes .
16,baby | chrissy | john, The model was set to guest star on the second season of the netflix show about an indian american teenager . chrissy teigen stepped down in the wake of an online bullying controversy .
17,health | kids | know,states launch probe into tiktok s effect on kids  health. state attorneys general have launched a nationwide investigation into tktok and its possible harmful effects on young users .
18,chauvin | death | derek, Federal trial of three former minneapolis police officers charged with violating george floyd s civil rights is headed to closing arguments . The federal government brought the civil rights charges against all four officers in may 2021 .
19,beauty | black | care, Get up to 30  off on makeup  hair care and skin care from sephora s long awaited members only holiday savings event .
20,chefs | cooking | easy, Want to cook more at home this year  here s how to keep your resolution . 10 cookbooks that ll take the stress out of cooking thanksgiving dinner .
21,buffalo | far | germany, Footage shows officers making racist remarks and celebrating as they shoot rubber bullets at protesters buffalo police release new bodycam footage of police pushing older protester .
22,allegedly | charges | deal," ghislaine maxwell, 59, denies charges she groomed underage girls for jeffrey epstein, who killed himself in jail in 2019 . A new report details how the deceased money manager controlled the minors he is accused of trafficking for sex ."
23,aug | funniest | july, The funniest tweets from parents this week  sept  17 23. accidentally put grown up toothpaste on my toddler s toothbrush and he screamed like i was cleaning his teeth with a carolina reaper dipped in tabasco sauce .
24,cat | cats | dec, 23 of the funniest tweets about cats and dogs this week . i keep hearing this ad for fresh cat food that says  your cute kitty is descended from fierce desert cats . i look at my cat and say  this cat is this cat .
25,embarrassing | funniest | oct, The 20 funniest tweets from women this week  may 28 june 3. sorry i was weird last night  it was to move the plot forward . i ve been described as  introverted  by dozens of men i didn t want to talk to the 20 .
26,abuse | allegations | chicago, Prosecutors rested their case against the singer  who stands accused of producing child sexual abuse videos in his latest trial jury selection in r  kelly federal trial to begin in chicago . The singer faces charges that he rigged his 2008 state child pornography trial in return to fox news .
27,big | climate | elizabeth, elizabeth warren doesn't believe the gop is really breaking up with big business . She plans to continue pressing the president to do more on child care and other issues .
28,aung | coup | kyi, myanmar court sentences ousted leader aung san suu kyi to 4 years . The sentencing was the first in a series of cases in which the 76 year old nobel laureate is being prosecuted since the army seized power on feb  1 .
29,benjamin | biden | cease, president joe biden asked israeli prime minister benjamin netanyahu to move toward  the path to a cease fire . progressive democrats are demanding a more forceful stance as israel forces killed over 200 palestinians as biden stays mum .
30,afghanistan | attack | claimed, taliban say they won't work with u s  on shared islamic state threat . taliban suspect the roadside bomb came from the islamics state . The attack was the deadliest attack in the afghan capital since the u s withdrew forces .
31,airstrikes | forces | gaza, israel forces shot a 13 year old boy in the head  palestinian gunfire also critically wounded an israeli police officer . The incident marks the single deadliest single attack since heavy fighting broke out nearly a week ago .
32,duke | edinburgh | edward, Prince philip to be remembered as man of courage  fortitude and faith at funeral . The 99 year old duke of edinburgh took part in designing the modified land rover that will carry his coffin .
33,attacks | bombings | church, congregants were leaving a catholic church in burkina faso on sunday when a group of men fatally shot six of them . The death toll from easter sunday s attacks has risen to 321 .
34,bahamas | coast | dangerous, Tropical storm danielle is the first hurricane of an unusually quiet storm season . The storm is centered about 885 miles west of the azores . Hurricane dorian is expected to make landfall sunday afternoon .
35,best | movies | netflix, The most popular movies on netflix right now besides  girl in the picture . a new polish crime drama and spacex documentary are also trending on the streaming service .
36,cia | confirmation | democrats, gina haspel on track to be confirmed as cia director with aid of democrats . democrats had the power to block her nomination but they couldn't stick together senate intelligence committee backs haspel to lead the cia .
37,aluminum | american | billion, trade war escalates with china announcing tariff hikes on 75 billion of u s products . conflict over trade and technology is threatening to tip a weakening global economy into recession .
38,awards | best | biggest, 2022 mtv vmas red carpet  all the wildest looks you need to see. celebrities showed up and showed out at the awards sunday night in new jersey bet awards .
39,gun | gunman | killed, Students who survived the may 24 shooting at robb elementary in texas are spending the summer with a host of mental health issues . Principal of texas school where shooting happened reinstated . 6 year old girl among 3 family members shot in tent at state park .
40,biden | democrats | joe, sen  joe manchin has floated the broad outlines of a reconfigured social and environment package that aims half its resources at reducing federal deficits . democrats slam manchin for saying he can't vote for biden s build back better plan .
41,barack | day | lady, michelle obama on the challenges she s faced in her marriage to barack obama . there are going to be times    long periods of time when you can't stand each other . michelle says she blames her low grade depression in part on donald trump .
42,birthday | duchess | duke, The duchess of sussex won the latest stage in her privacy lawsuit against the publisher of the mail on sunday . sarah Ferguson knows what princess diana would say about meghan markle  prince harry .
43,california | campaign | democratic, kamala harris gets a big laugh out of another trump run   please. harris is not worried about a possible trump run in 2024 as she speaks up for small businesses at a d c  holiday market .
44,extradition | hong | kong, Protests continue in u s  after deaths of more black men . roughly 150 protesters marched outside an atlanta wendy s restaurant to protest the fatal shooting of rayshard brooks by a white police officer around the world .
45,asylum | court | mexico, Supreme Court hears arguments over  remain in mexico policy for asylum seekers . texas and missouri which sued to keep the program in place said it has helped reduce the flow of people into the u s . number of people trying to cross border increases as u s  plans to lift
46,abortion | huffpost | india, over 350 people described how their abortions allowed them to live the lives they lead today huffpost her stories . Hundreds of law professionals tell their abortion stories ahead of scotus case .
47,conway | donald | george, The president and his former aide received a stark reminder of comments they made in november 2016 fox business host maria bartiromo asks kellyanne conway if husband s war with trump is just shtick .
48,biden | donald | know," trump s latest boast gets brutal fact check from his own niece . mary trump quips that her uncle s lawyers now probably operate out of strip malls . The former president is the least intellectually curious person i ve ever met, she says ."
49,agreement | deal | iran, iran has criticized britain  france and germany for failing to salvage the pact by shielding tehran s economy from sanctions reimposed since 2018 . iran general killed by a u s  airstrike in baghdad as tehran abandoned the remaining limits of its 2015 nuclear
50,alabama | dead | homes, A suspected twister barreled through parts of kansas injuring several people and leaving thousands without power . 4 of 7 killed in iowa tornadoes from same family  sheriff .
51,death | earthquake | indonesia, 7 4 magnitude temblor knocked out power and caused extensive damage to peoples  properties breaking windows and smashing furniture . The quake was the latest in a string of natural disasters to batter japan after typhoons and a record breaking heat wave within the past two months .
52,chris | host | jada, jada pinkett smith says she wants will smith and chris rock to reconcile after oscars slap . The actor said he wasn't comforting smith after he struck chris  rock for joking about him . The incident was addressed several times on Saturday night live .
53,city | mariupol | people," Last stand for mariupol as ukraine seeks to stop complete russian takeover of port city . The city has been largely reduced to rubble since the start of the war . At least 21,000 people have been killed by the russian bombardment and street fighting ."
54,amazon | bolsonaro | brazil, brazil is key to biden s global climate ambitions  the only problem  bolsonaro is the far right authoritarian he promised he d be . He used the first year of his presidency to undermine democracy .
55,andrew | claims | cuomo, andrew cuomo officially steps down after 10 years as new york governor . independent probe found he sexually harassed nearly a dozen women and that he and aides worked to retaliate against an accuser .
56,aide | dying | host, the view  co host slammed any republican backing trump s decision to step aside as turkey prepares to invade syria . sunny hostin has no time for meghan mccain s  gone with the wind lament .
57,black | comments | history, CNN anchor clarifies his on air comments in a video clarifying his on-air comments . donna brazile slams kanye west for repeating bad stereotypes about black people . michael che dismisses kanye's entire slavery narrative with a single word .
58,actor | artist | artwork, jimmy kimmel saddles sen  ted cruz with chilling halloween nicknames . jim carrey paints a morbid picture of donald trump s maga rallies . the president s reckless endangerment tour of pandemic campaign rallies is featured in the cartoon .
59,jong | kim | korea, north korea fires suspected missile into sea off of its eastern coast . It is the most powerful missile it has tested since president joe biden took office . The comments were pyongyang s first official statement of the biden presidency .
60,anderson | claim | cnn, anderson cooper hits trump with a hard truth about how he ll go down in history . donald trump accounts for half the impeachments in the history of the nation . does everyone working for the president have to debase themselves and lie like he does   asked the cnn host
61,biden | children | crackdown, Democrats unveil immigration bill with faster pathway to citizenship . Hundreds of immigrant children packed together some for over a week . New president has undone some of donald trump s efforts to undermine unions .
62,cases | congo | ebola," measles has killed nearly three times as many people in congo than an ebola outbreak in the country that has garnered far more international attention . measles cases surpass 1,000 in u s  amid largest outbreak in 25 years . More than 1 600 people have died since august in what is"
63,biden | forces | invasion, ukrainian forces are claiming new success in their counteroffensive against russian forces in the east . putin falsely portrayed the fighting as a battle against nazism  thereby linking the war to what many russians regard as their finest hour .
64,beto | campaign | care, Beto o rourke slams texas gop s coronavirus response . Former presidential candidate announces new political action committee to help democrats flip the state house .
65,abortion | abortions | ban, republican lawmakers celebrate the end of nationwide abortion rights while blocking federal protections for birth control . The supreme court decision on abortion has scrambled the political dynamics heading into the november elections .
66,campaign | doj | fbi, Watchdog group calls for probe of trump s  weaponization  of justice department . It s not clear yet why the trump administration sought the mcgahns  records . The post roger stone is still a convicted felon .
67,business | dobbs | election, Lou dobbs fumes over the gop s  utter disregard  of trump s  right to loyalty . The trump sycophant demanded to know why republicans don't  just say we re not going to accept the results of this election .
68,boebert | colorado | georgia, marjorie taylor greene's twitter account was permanently suspended after she repeatedly violated twitter's covid 19 misinformation policy . the georgia republican was given the boot after repeatedly violating twitter's policy . The far right lawmaker s tweet drew ridicule from democrats and twitter critics .
69,colbert | donald | host, stephen colbert uses russian stooge  tucker carlson s own words against him . the late show  host mocks the texas senator after marathon budget vote .
70,cohen | daniels | giuliani, Giuliani pleads ignorance on bombshell report that his ukraine contact is a russian spy . Giuliani says he had no idea andrii derkach fed him baseless dirt smearing presidential candidate joe biden .
71,coronavirus | fox | host, Late Night host spots most embarrassing moment yet for trump s failing media site . Fox news supercut from  daily show  exposes network s newest hypocrisy .
72,coronavirus | covid | face,covid 19 cases rise while few school mask mandates return . 16 highly recommended face masks to wear right now .
73,advice | anxiety | control, mental health experts reveal the common pandemic related struggles people discuss in therapy . Here s what to monitor and what to skip as coronavirus restrictions lift .
74,coronavirus | covid | donald, Donald trump jr tested positive for the coronavirus two days after the ohio event barron trump had covid 19 . The president has since tested negative for the virus .
75,biden | children | coronavirus,cdc recommends covid 19 shots for children under 5 . The shots will become available next week  expanding the nation s vaccination campaign to children as young as 6 months .
76,cases | cdc | china, carnival cruise passenger dies of covid 19 after  first trip outside the u s. india coronavirus death toll passes 300 000 . india death toll is the third highest reported in the world .
